1,179,154,facefilter.png,768,768
2,238,125,facefilter.png,768,768
3,296,110,facefilter.png,768,768
4,384,108,facefilter.png,768,768
5,469,116,facefilter.png,768,768
6,533,128,facefilter.png,768,768
7,583,155,facefilter.png,768,768
8,600,194,facefilter.png,768,768
9,612,248,facefilter.png,768,768
10,616,317,facefilter.png,768,768
11,418,580,facefilter.png,768,768
12,609,407,facefilter.png,768,768
13,426,488,facefilter.png,768,768
14,586,521,facefilter.png,768,768
15,562,585,facefilter.png,768,768
16,504,574,facefilter.png,768,768
17,316,721,facefilter.png,768,768
18,452,599,facefilter.png,768,768
19,321,600,facefilter.png,768,768
20,369,578,facefilter.png,768,768
21,523,648,facefilter.png,768,768
22,477,703,facefilter.png,768,768
23,425,738,facefilter.png,768,768
24,362,752,facefilter.png,768,768
25,433,567,facefilter.png,768,768
26,371,563,facefilter.png,768,768
27,319,559,facefilter.png,768,768
28,155,195,facefilter.png,768,768
29,146,263,facefilter.png,768,768
30,328,573,facefilter.png,768,768
31,144,358,facefilter.png,768,768
32,146,405,facefilter.png,768,768
33,155,465,facefilter.png,768,768
34,175,516,facefilter.png,768,768
35,198,573,facefilter.png,768,768
36,229,621,facefilter.png,768,768
37,266,678,facefilter.png,768,768
38,276,570,facefilter.png,768,768
39,176,236,facefilter.png,768,768
40,218,221,facefilter.png,768,768
41,254,222,facefilter.png,768,768
42,276,236,facefilter.png,768,768
43,307,253,facefilter.png,768,768
44,338,270,facefilter.png,768,768
45,434,276,facefilter.png,768,768
46,457,249,facefilter.png,768,768
47,484,236,facefilter.png,768,768
48,510,231,facefilter.png,768,768
49,547,228,facefilter.png,768,768
50,586,241,facefilter.png,768,768
51,210,335,facefilter.png,768,768
52,225,321,facefilter.png,768,768
53,257,314,facefilter.png,768,768
54,287,317,facefilter.png,768,768
55,317,332,facefilter.png,768,768
56,236,348,facefilter.png,768,768
57,275,352,facefilter.png,768,768
58,302,347,facefilter.png,768,768
59,444,343,facefilter.png,768,768
60,552,344,facefilter.png,768,768
61,465,331,facefilter.png,768,768
62,505,324,facefilter.png,768,768
63,543,329,facefilter.png,768,768
64,472,352,facefilter.png,768,768
65,509,357,facefilter.png,768,768
66,539,356,facefilter.png,768,768
67,383,362,facefilter.png,768,768
68,384,403,facefilter.png,768,768
69,385,431,facefilter.png,768,768
70,388,458,facefilter.png,768,768
71,386,489,facefilter.png,768,768
73,354,488,facefilter.png,768,768
74,329,474,facefilter.png,768,768
66,451,484,facefilter.png,768,768